csvElem_0001,csvElem_0002,csvElem_0003,csvElem_0004,csvElem_0005,csvElem_0006,csvElem_0007,csvElem_0008,csvElem_0009,csvElem_0010
csvElem_0011,csvElem_0012,csvElem_0013,csvElem_0014,csvElem_0015,csvElem_0016,csvElem_0017,csvElem_0018,csvElem_0019,csvElem_0020
csvElem_0021,csvElem_0022,csvElem_0023,csvElem_0024,csvElem_0025,csvElem_0026,csvElem_0027,csvElem_0028,csvElem_0029,csvElem_0030
csvElem_0031,csvElem_0032,csvElem_0033,csvElem_0034,csvElem_0035,csvElem_0036,csvElem_0037,csvElem_0038,csvElem_0039,csvElem_0040
csvElem_0041,csvElem_0042,csvElem_0043,csvElem_0044,csvElem_0045,csvElem_0046,csvElem_0047,csvElem_0048,csvElem_0049,csvElem_0050
csvElem_0051,csvElem_0052,csvElem_0053,csvElem_0054,csvElem_0055,csvElem_0056,csvElem_0057,csvElem_0058,csvElem_0059,csvElem_0060
csvElem_0061,csvElem_0062,csvElem_0063,csvElem_0064,csvElem_0065,csvElem_0066,csvElem_0067,csvElem_0068,csvElem_0069,csvElem_0070
csvElem_0071,csvElem_0072,csvElem_0073,csvElem_0074,csvElem_0075,csvElem_0076,csvElem_0077,csvElem_0078,csvElem_0079,csvElem_0080
csvElem_0081,csvElem_0082,csvElem_0083,csvElem_0084,csvElem_0085,csvElem_0086,csvElem_0087,csvElem_0088,csvElem_0089,csvElem_0090
csvElem_0091,csvElem_0092,csvElem_0093,csvElem_0094,csvElem_0095,csvElem_0096,csvElem_0097,csvElem_0098,csvElem_0099,csvElem_0100
csvElem_0101,csvElem_0102,csvElem_0103,csvElem_0104,csvElem_0105,csvElem_0106,csvElem_0107,csvElem_0108,csvElem_0109,csvElem_0110
csvElem_0111,csvElem_0112,csvElem_0113,csvElem_0114,csvElem_0115,csvElem_0116,csvElem_0117,csvElem_0118,csvElem_0119,csvElem_0120
csvElem_0121,csvElem_0122,csvElem_0123,csvElem_0124,csvElem_0125,csvElem_0126,csvElem_0127,csvElem_0128,csvElem_0129,csvElem_0130
csvElem_0131,csvElem_0132,csvElem_0133,csvElem_0134,csvElem_0135,csvElem_0136,csvElem_0137,csvElem_0138,csvElem_0139,csvElem_0140
csvElem_0141,csvElem_0142,csvElem_0143,csvElem_0144,csvElem_0145,csvElem_0146,csvElem_0147,csvElem_0148,csvElem_0149,csvElem_0150
csvElem_0151,csvElem_0152,csvElem_0153,csvElem_0154,csvElem_0155,csvElem_0156,csvElem_0157,csvElem_0158,csvElem_0159,csvElem_0160
csvElem_0161,csvElem_0162,csvElem_0163,csvElem_0164,csvElem_0165,csvElem_0166,csvElem_0167,csvElem_0168,csvElem_0169,csvElem_0170
csvElem_0171,csvElem_0172,csvElem_0173,csvElem_0174,csvElem_0175,csvElem_0176,csvElem_0177,csvElem_0178,csvElem_0179,csvElem_0180
csvElem_0181,csvElem_0182,csvElem_0183,csvElem_0184,csvElem_0185,csvElem_0186,csvElem_0187,csvElem_0188,csvElem_0189,csvElem_0190
csvElem_0191,csvElem_0192,csvElem_0193,csvElem_0194,csvElem_0195,csvElem_0196,csvElem_0197,csvElem_0198,csvElem_0199,csvElem_0200
csvElem_0201,csvElem_0202,csvElem_0203,csvElem_0204,csvElem_0205,csvElem_0206,csvElem_0207,csvElem_0208,csvElem_0209,csvElem_0210
csvElem_0211,csvElem_0212,csvElem_0213,csvElem_0214,csvElem_0215,csvElem_0216,csvElem_0217,csvElem_0218,csvElem_0219,csvElem_0220
csvElem_0221,csvElem_0222,csvElem_0223,csvElem_0224,csvElem_0225,csvElem_0226,csvElem_0227,csvElem_0228,csvElem_0229,csvElem_0230
csvElem_0231,csvElem_0232,csvElem_0233,csvElem_0234,csvElem_0235,csvElem_0236,csvElem_0237,csvElem_0238,csvElem_0239,csvElem_0240
csvElem_0241,csvElem_0242,csvElem_0243,csvElem_0244,csvElem_0245,csvElem_0246,csvElem_0247,csvElem_0248,csvElem_0249,csvElem_0250
csvElem_0251,csvElem_0252,csvElem_0253,csvElem_0254,csvElem_0255,csvElem_0256,csvElem_0257,csvElem_0258,csvElem_0259,csvElem_0260
csvElem_0261,csvElem_0262,csvElem_0263,csvElem_0264,csvElem_0265,csvElem_0266,csvElem_0267,csvElem_0268,csvElem_0269,csvElem_0270
csvElem_0271,csvElem_0272,csvElem_0273,csvElem_0274,csvElem_0275,csvElem_0276,csvElem_0277,csvElem_0278,csvElem_0279,csvElem_0280
csvElem_0281,csvElem_0282,csvElem_0283,csvElem_0284,csvElem_0285,csvElem_0286,csvElem_0287,csvElem_0288,csvElem_0289,csvElem_0290
csvElem_0291,csvElem_0292,csvElem_0293,csvElem_0294,csvElem_0295,csvElem_0296,csvElem_0297,csvElem_0298,csvElem_0299,csvElem_0300
csvElem_0301,csvElem_0302,csvElem_0303,csvElem_0304,csvElem_0305,csvElem_0306,csvElem_0307,csvElem_0308,csvElem_0309,csvElem_0310
csvElem_0311,csvElem_0312,csvElem_0313,csvElem_0314,csvElem_0315,csvElem_0316,csvElem_0317,csvElem_0318,csvElem_0319,csvElem_0320
csvElem_0321,csvElem_0322,csvElem_0323,csvElem_0324,csvElem_0325,csvElem_0326,csvElem_0327,csvElem_0328,csvElem_0329,csvElem_0330
csvElem_0331,csvElem_0332,csvElem_0333,csvElem_0334,csvElem_0335,csvElem_0336,csvElem_0337,csvElem_0338,csvElem_0339,csvElem_0340
csvElem_0341,csvElem_0342,csvElem_0343,csvElem_0344,csvElem_0345,csvElem_0346,csvElem_0347,csvElem_0348,csvElem_0349,csvElem_0350
csvElem_0351,csvElem_0352,csvElem_0353,csvElem_0354,csvElem_0355,csvElem_0356,csvElem_0357,csvElem_0358,csvElem_0359,csvElem_0360
csvElem_0361,csvElem_0362,csvElem_0363,csvElem_0364,csvElem_0365,csvElem_0366,csvElem_0367,csvElem_0368,csvElem_0369,csvElem_0370
csvElem_0371,csvElem_0372,csvElem_0373,csvElem_0374,csvElem_0375,csvElem_0376,csvElem_0377,csvElem_0378,csvElem_0379,csvElem_0380
csvElem_0381,csvElem_0382,csvElem_0383,csvElem_0384,csvElem_0385,csvElem_0386,csvElem_0387,csvElem_0388,csvElem_0389,csvElem_0390
csvElem_0391,csvElem_0392,csvElem_0393,csvElem_0394,csvElem_0395,csvElem_0396,csvElem_0397,csvElem_0398,csvElem_0399,csvElem_0400
csvElem_0401,csvElem_0402,csvElem_0403,csvElem_0404,csvElem_0405,csvElem_0406,csvElem_0407,csvElem_0408,csvElem_0409,csvElem_0410
csvElem_0411,csvElem_0412,csvElem_0413,csvElem_0414,csvElem_0415,csvElem_0416,csvElem_0417,csvElem_0418,csvElem_0419,csvElem_0420
csvElem_0421,csvElem_0422,csvElem_0423,csvElem_0424,csvElem_0425,csvElem_0426,csvElem_0427,csvElem_0428,csvElem_0429,csvElem_0430
csvElem_0431,csvElem_0432,csvElem_0433,csvElem_0434,csvElem_0435,csvElem_0436,csvElem_0437,csvElem_0438,csvElem_0439,csvElem_0440
csvElem_0441,csvElem_0442,csvElem_0443,csvElem_0444,csvElem_0445,csvElem_0446,csvElem_0447,csvElem_0448,csvElem_0449,csvElem_0450
csvElem_0451,csvElem_0452,csvElem_0453,csvElem_0454,csvElem_0455,csvElem_0456,csvElem_0457,csvElem_0458,csvElem_0459,csvElem_0460
csvElem_0461,csvElem_0462,csvElem_0463,csvElem_0464,csvElem_0465,csvElem_0466,csvElem_0467,csvElem_0468,csvElem_0469,csvElem_0470
csvElem_0471,csvElem_0472,csvElem_0473,csvElem_0474,csvElem_0475,csvElem_0476,csvElem_0477,csvElem_0478,csvElem_0479,csvElem_0480
csvElem_0481,csvElem_0482,csvElem_0483,csvElem_0484,csvElem_0485,csvElem_0486,csvElem_0487,csvElem_0488,csvElem_0489,csvElem_0490
csvElem_0491,csvElem_0492,csvElem_0493,csvElem_0494,csvElem_0495,csvElem_0496,csvElem_0497,csvElem_0498,csvElem_0499,csvElem_0500
csvElem_0501,csvElem_0502,csvElem_0503,csvElem_0504,csvElem_0505,csvElem_0506,csvElem_0507,csvElem_0508,csvElem_0509,csvElem_0510
csvElem_0511,csvElem_0512,csvElem_0513,csvElem_0514,csvElem_0515,csvElem_0516,csvElem_0517,csvElem_0518,csvElem_0519,csvElem_0520
csvElem_0521,csvElem_0522,csvElem_0523,csvElem_0524,csvElem_0525,csvElem_0526,csvElem_0527,csvElem_0528,csvElem_0529,csvElem_0530
csvElem_0531,csvElem_0532,csvElem_0533,csvElem_0534,csvElem_0535,csvElem_0536,csvElem_0537,csvElem_0538,csvElem_0539,csvElem_0540
csvElem_0541,csvElem_0542,csvElem_0543,csvElem_0544,csvElem_0545,csvElem_0546,csvElem_0547,csvElem_0548,csvElem_0549,csvElem_0550
csvElem_0551,csvElem_0552,csvElem_0553,csvElem_0554,csvElem_0555,csvElem_0556,csvElem_0557,csvElem_0558,csvElem_0559,csvElem_0560
csvElem_0561,csvElem_0562,csvElem_0563,csvElem_0564,csvElem_0565,csvElem_0566,csvElem_0567,csvElem_0568,csvElem_0569,csvElem_0570
csvElem_0571,csvElem_0572,csvElem_0573,csvElem_0574,csvElem_0575,csvElem_0576,csvElem_0577,csvElem_0578,csvElem_0579,csvElem_0580
csvElem_0581,csvElem_0582,csvElem_0583,csvElem_0584,csvElem_0585,csvElem_0586,csvElem_0587,csvElem_0588,csvElem_0589,csvElem_0590
csvElem_0591,csvElem_0592,csvElem_0593,csvElem_0594,csvElem_0595,csvElem_0596,csvElem_0597,csvElem_0598,csvElem_0599,csvElem_0600
csvElem_0601,csvElem_0602,csvElem_0603,csvElem_0604,csvElem_0605,csvElem_0606,csvElem_0607,csvElem_0608,csvElem_0609,csvElem_0610
csvElem_0611,csvElem_0612,csvElem_0613,csvElem_0614,csvElem_0615,csvElem_0616,csvElem_0617,csvElem_0618,csvElem_0619,csvElem_0620
csvElem_0621,csvElem_0622,csvElem_0623,csvElem_0624,csvElem_0625,csvElem_0626,csvElem_0627,csvElem_0628,csvElem_0629,csvElem_0630
csvElem_0631,csvElem_0632,csvElem_0633,csvElem_0634,csvElem_0635,csvElem_0636,csvElem_0637,csvElem_0638,csvElem_0639,csvElem_0640
csvElem_0641,csvElem_0642,csvElem_0643,csvElem_0644,csvElem_0645,csvElem_0646,csvElem_0647,csvElem_0648,csvElem_0649,csvElem_0650
csvElem_0651,csvElem_0652,csvElem_0653,csvElem_0654,csvElem_0655,csvElem_0656,csvElem_0657,csvElem_0658,csvElem_0659,csvElem_0660
csvElem_0661,csvElem_0662,csvElem_0663,csvElem_0664,csvElem_0665,csvElem_0666,csvElem_0667,csvElem_0668,csvElem_0669,csvElem_0670
csvElem_0671,csvElem_0672,csvElem_0673,csvElem_0674,csvElem_0675,csvElem_0676,csvElem_0677,csvElem_0678,csvElem_0679,csvElem_0680
csvElem_0681,csvElem_0682,csvElem_0683,csvElem_0684,csvElem_0685,csvElem_0686,csvElem_0687,csvElem_0688,csvElem_0689,csvElem_0690
csvElem_0691,csvElem_0692,csvElem_0693,csvElem_0694,csvElem_0695,csvElem_0696,csvElem_0697,csvElem_0698,csvElem_0699,csvElem_0700
csvElem_0701,csvElem_0702,csvElem_0703,csvElem_0704,csvElem_0705,csvElem_0706,csvElem_0707,csvElem_0708,csvElem_0709,csvElem_0710
csvElem_0711,csvElem_0712,csvElem_0713,csvElem_0714,csvElem_0715,csvElem_0716,csvElem_0717,csvElem_0718,csvElem_0719,csvElem_0720
csvElem_0721,csvElem_0722,csvElem_0723,csvElem_0724,csvElem_0725,csvElem_0726,csvElem_0727,csvElem_0728,csvElem_0729,csvElem_0730
csvElem_0731,csvElem_0732,csvElem_0733,csvElem_0734,csvElem_0735,csvElem_0736,csvElem_0737,csvElem_0738,csvElem_0739,csvElem_0740
csvElem_0741,csvElem_0742,csvElem_0743,csvElem_0744,csvElem_0745,csvElem_0746,csvElem_0747,csvElem_0748,csvElem_0749,csvElem_0750
csvElem_0751,csvElem_0752,csvElem_0753,csvElem_0754,csvElem_0755,csvElem_0756,csvElem_0757,csvElem_0758,csvElem_0759,csvElem_0760
csvElem_0761,csvElem_0762,csvElem_0763,csvElem_0764,csvElem_0765,csvElem_0766,csvElem_0767,csvElem_0768,csvElem_0769,csvElem_0770
csvElem_0771,csvElem_0772,csvElem_0773,csvElem_0774,csvElem_0775,csvElem_0776,csvElem_0777,csvElem_0778,csvElem_0779,csvElem_0780
csvElem_0781,csvElem_0782,csvElem_0783,csvElem_0784,csvElem_0785,csvElem_0786,csvElem_0787,csvElem_0788,csvElem_0789,csvElem_0790
csvElem_0791,csvElem_0792,csvElem_0793,csvElem_0794,csvElem_0795,csvElem_0796,csvElem_0797,csvElem_0798,csvElem_0799,csvElem_0800
csvElem_0801,csvElem_0802,csvElem_0803,csvElem_0804,csvElem_0805,csvElem_0806,csvElem_0807,csvElem_0808,csvElem_0809,csvElem_0810
csvElem_0811,csvElem_0812,csvElem_0813,csvElem_0814,csvElem_0815,csvElem_0816,csvElem_0817,csvElem_0818,csvElem_0819,csvElem_0820
csvElem_0821,csvElem_0822,csvElem_0823,csvElem_0824,csvElem_0825,csvElem_0826,csvElem_0827,csvElem_0828,csvElem_0829,csvElem_0830
csvElem_0831,csvElem_0832,csvElem_0833,csvElem_0834,csvElem_0835,csvElem_0836,csvElem_0837,csvElem_0838,csvElem_0839,csvElem_0840
csvElem_0841,csvElem_0842,csvElem_0843,csvElem_0844,csvElem_0845,csvElem_0846,csvElem_0847,csvElem_0848,csvElem_0849,csvElem_0850
csvElem_0851,csvElem_0852,csvElem_0853,csvElem_0854,csvElem_0855,csvElem_0856,csvElem_0857,csvElem_0858,csvElem_0859,csvElem_0860
csvElem_0861,csvElem_0862,csvElem_0863,csvElem_0864,csvElem_0865,csvElem_0866,csvElem_0867,csvElem_0868,csvElem_0869,csvElem_0870
csvElem_0871,csvElem_0872,csvElem_0873,csvElem_0874,csvElem_0875,csvElem_0876,csvElem_0877,csvElem_0878,csvElem_0879,csvElem_0880
csvElem_0881,csvElem_0882,csvElem_0883,csvElem_0884,csvElem_0885,csvElem_0886,csvElem_0887,csvElem_0888,csvElem_0889,csvElem_0890
csvElem_0891,csvElem_0892,csvElem_0893,csvElem_0894,csvElem_0895,csvElem_0896,csvElem_0897,csvElem_0898,csvElem_0899,csvElem_0900
csvElem_0901,csvElem_0902,csvElem_0903,csvElem_0904,csvElem_0905,csvElem_0906,csvElem_0907,csvElem_0908,csvElem_0909,csvElem_0910
csvElem_0911,csvElem_0912,csvElem_0913,csvElem_0914,csvElem_0915,csvElem_0916,csvElem_0917,csvElem_0918,csvElem_0919,csvElem_0920
csvElem_0921,csvElem_0922,csvElem_0923,csvElem_0924,csvElem_0925,csvElem_0926,csvElem_0927,csvElem_0928,csvElem_0929,csvElem_0930
csvElem_0931,csvElem_0932,csvElem_0933,csvElem_0934,csvElem_0935,csvElem_0936,csvElem_0937,csvElem_0938,csvElem_0939,csvElem_0940
csvElem_0941,csvElem_0942,csvElem_0943,csvElem_0944,csvElem_0945,csvElem_0946,csvElem_0947,csvElem_0948,csvElem_0949,csvElem_0950
csvElem_0951,csvElem_0952,csvElem_0953,csvElem_0954,csvElem_0955,csvElem_0956,csvElem_0957,csvElem_0958,csvElem_0959,csvElem_0960
csvElem_0961,csvElem_0962,csvElem_0963,csvElem_0964,csvElem_0965,csvElem_0966,csvElem_0967,csvElem_0968,csvElem_0969,csvElem_0970
csvElem_0971,csvElem_0972,csvElem_0973,csvElem_0974,csvElem_0975,csvElem_0976,csvElem_0977,csvElem_0978,csvElem_0979,csvElem_0980
csvElem_0981,csvElem_0982,csvElem_0983,csvElem_0984,csvElem_0985,csvElem_0986,csvElem_0987,csvElem_0988,csvElem_0989,csvElem_0990
csvElem_0991,csvElem_0992,csvElem_0993,csvElem_0994,csvElem_0995,csvElem_0996,csvElem_0997,csvElem_0998,csvElem_0999,csvElem_1000
